[
  {
    "id": "5301155d-05e2-4c3c-afc5-f78fb90718eb",
    "data": [
      {
        "text": "no ",
        "userDefined": false
      },
      {
        "text": "me",
        "meta": "@sys.ignore",
        "userDefined": false
      },
      {
        "text": " llega el sueño",
        "userDefined": false
      }
    ],
    "isTemplate": false,
    "count": 0,
    "updated": 0
  },
  {
    "id": "6ddfea95-cb3a-4410-abdf-7217c41e4ecc",
    "data": [
      {
        "text": "no duermo ",
        "userDefined": false
      },
      {
        "text": "toda la",
        "meta": "@sys.ignore",
        "userDefined": false
      },
      {
        "text": " noche",
        "userDefined": false
      }
    ],
    "isTemplate": false,
    "count": 0,
    "updated": 0
  },
  {
    "id": "75e78458-0b6b-4cb8-abb3-db45aa49bc15",
    "data": [
      {
        "text": "no puedo dormir",
        "userDefined": false
      }
    ],
    "isTemplate": false,
    "count": 0,
    "updated": 0
  },
  {
    "id": "7e3de3e8-9d49-4cd5-9a2e-01a36a425aee",
    "data": [
      {
        "text": "no puedo pegar ojo",
        "userDefined": false
      }
    ],
    "isTemplate": false,
    "count": 0,
    "updated": 0
  },
  {
    "id": "8caa99a4-1cec-4cbd-9043-94276ce40e70",
    "data": [
      {
        "text": "no consigo conciliar el sueño",
        "userDefined": false
      }
    ],
    "isTemplate": false,
    "count": 0,
    "updated": 0
  },
  {
    "id": "ff1af659-2472-4f7f-bd15-bfb74e468d01",
    "data": [
      {
        "text": "por qué no puedo dormir",
        "userDefined": false
      }
    ],
    "isTemplate": false,
    "count": 0,
    "updated": 0
  },
  {
    "id": "0392d965-1445-45c0-b2cd-67e44cf79ee9",
    "data": [
      {
        "text": "tengo insomnio",
        "userDefined": false
      }
    ],
    "isTemplate": false,
    "count": 0,
    "updated": 0
  }
]