[
  {
    "id": "4438c47b-68aa-4e6a-8e76-53688e13b2e9",
    "data": [
      {
        "text": "qué hay",
        "userDefined": false
      }
    ],
    "isTemplate": false,
    "count": 1,
    "updated": 0
  },
  {
    "id": "2f940ab5-b47e-4605-9032-54c80151adcb",
    "data": [
      {
        "text": "qué pasa",
        "userDefined": false
      }
    ],
    "isTemplate": false,
    "count": 0,
    "updated": 0
  },
  {
    "id": "8fe24c24-7e16-4f0a-9f95-1fd640fca8d2",
    "data": [
      {
        "text": "qué onda",
        "userDefined": false
      }
    ],
    "isTemplate": false,
    "count": 0,
    "updated": 0
  },
  {
    "id": "fbc09b17-d28b-44c1-b37e-64bd0b748696",
    "data": [
      {
        "text": "qué te pasa",
        "userDefined": false
      }
    ],
    "isTemplate": false,
    "count": 0,
    "updated": 0
  },
  {
    "id": "b0bc79f6-eecd-47cb-ba08-2dcd896fdab4",
    "data": [
      {
        "text": "qué es lo que te está pasando",
        "userDefined": false
      }
    ],
    "isTemplate": false,
    "count": 1,
    "updated": 0
  }
]