[
  {
    "id": "484a546c-758b-493e-b485-3ea1a361672b",
    "data": [
      {
        "text": "ahora vuelvo",
        "userDefined": false
      }
    ],
    "isTemplate": false,
    "count": 0,
    "updated": 0
  },
  {
    "id": "58fa7ae5-53a9-4898-b7e7-48c3970b0493",
    "data": [
      {
        "text": "vuelvo en un rato",
        "userDefined": false
      }
    ],
    "isTemplate": false,
    "count": 0,
    "updated": 0
  },
  {
    "id": "e5be26cd-112e-4149-927f-0f52ee52835c",
    "data": [
      {
        "text": "enseguida vuelvo",
        "userDefined": false
      }
    ],
    "isTemplate": false,
    "count": 0,
    "updated": 0
  },
  {
    "id": "d99fac4f-b129-476c-b6cf-85939cbe1c0e",
    "data": [
      {
        "text": "ya volveré",
        "userDefined": false
      }
    ],
    "isTemplate": false,
    "count": 0,
    "updated": 0
  },
  {
    "id": "9cacf01a-8c37-4fb3-9f96-1796e2f6e223",
    "data": [
      {
        "text": "volveré en un minuto",
        "userDefined": false
      }
    ],
    "isTemplate": false,
    "count": 0,
    "updated": 0
  }
]