[
  {
    "id": "aff9e745-c447-4620-b68a-e61d64b78803",
    "data": [
      {
        "text": "de nada",
        "userDefined": false
      }
    ],
    "isTemplate": false,
    "count": 0,
    "updated": 0
  },
  {
    "id": "6e6cf7bd-4d5a-4e61-be93-eb5113528ddb",
    "data": [
      {
        "text": "de",
        "meta": "@sys.ignore",
        "userDefined": false
      },
      {
        "text": " nada de verdad",
        "userDefined": false
      }
    ],
    "isTemplate": false,
    "count": 0,
    "updated": 0
  },
  {
    "id": "94ed84b7-61ce-45a4-99ca-7e8dc6c1d4c7",
    "data": [
      {
        "text": "bienvenido",
        "userDefined": false
      }
    ],
    "isTemplate": false,
    "count": 0,
    "updated": 0
  },
  {
    "id": "9752c49e-2e45-41ec-847a-53f7ce5a1dc0",
    "data": [
      {
        "text": "ha sido un placer",
        "userDefined": false
      }
    ],
    "isTemplate": false,
    "count": 0,
    "updated": 0
  }
]