[
  {
    "id": "1fd57b4a-c98b-431e-8569-3c230940b5c8",
    "data": [
      {
        "text": "me entró sueño",
        "userDefined": false
      }
    ],
    "isTemplate": false,
    "count": 0,
    "updated": 0
  },
  {
    "id": "d0d99819-9624-4fe4-92be-02bf21a2cad0",
    "data": [
      {
        "text": "tengo sueño",
        "userDefined": false
      }
    ],
    "isTemplate": false,
    "count": 0,
    "updated": 0
  },
  {
    "id": "c57569fa-69da-4bcf-944a-51907f14f4db",
    "data": [
      {
        "text": "quiero dormir",
        "userDefined": false
      }
    ],
    "isTemplate": false,
    "count": 0,
    "updated": 0
  },
  {
    "id": "2bb0980d-5e8a-4c91-87ae-b4394f5937d2",
    "data": [
      {
        "text": "tengo ganas de dormir",
        "userDefined": false
      }
    ],
    "isTemplate": false,
    "count": 0,
    "updated": 0
  },
  {
    "id": "829f61af-efdf-48d8-a1b9-4ea2b81776ec",
    "data": [
      {
        "text": "el sueño me está atacando",
        "userDefined": false
      }
    ],
    "isTemplate": false,
    "count": 0,
    "updated": 0
  },
  {
    "id": "1631f1c1-e4f8-42f0-846c-4cd21e80d47f",
    "data": [
      {
        "text": "me empieza a entrar sueño",
        "userDefined": false
      }
    ],
    "isTemplate": false,
    "count": 0,
    "updated": 0
  }
]