[
  {
    "id": "1f40fc12-e1ac-4ef7-8019-a8dd6cd7f85f",
    "data": [
      {
        "text": "pero de qué hablas",
        "userDefined": false
      }
    ],
    "isTemplate": false,
    "count": 0,
    "updated": 0
  },
  {
    "id": "241e787b-9db6-4076-989a-b263fca414a0",
    "data": [
      {
        "text": "de qué me estás hablando",
        "userDefined": false
      }
    ],
    "isTemplate": false,
    "count": 0,
    "updated": 0
  },
  {
    "id": "a09c140f-634b-45ce-9205-b65403c4e789",
    "data": [
      {
        "text": "a qué te refieres",
        "userDefined": false
      }
    ],
    "isTemplate": false,
    "count": 1,
    "updated": 0
  },
  {
    "id": "40927aad-2fd0-4245-a61a-99e473caf751",
    "data": [
      {
        "text": "qué quieres decir con eso",
        "userDefined": false
      }
    ],
    "isTemplate": false,
    "count": 0,
    "updated": 0
  },
  {
    "id": "191bb538-c632-46d1-beab-215b193e8ab8",
    "data": [
      {
        "text": "no entiendo a qué te refieres",
        "userDefined": false
      }
    ],
    "isTemplate": false,
    "count": 0,
    "updated": 0
  },
  {
    "id": "4d5c9c91-f4f3-4119-8091-815539ce86b4",
    "data": [
      {
        "text": "qué quieres decir",
        "userDefined": false
      }
    ],
    "isTemplate": false,
    "count": 0,
    "updated": 0
  },
  {
    "id": "f975f00d-ff64-4af0-9c7d-291f18d3ebc7",
    "data": [
      {
        "text": "se puede saber a qué te refieres",
        "userDefined": false
      }
    ],
    "isTemplate": false,
    "count": 0,
    "updated": 0
  }
]