[
  {
    "id": "b24a9e64-1e9d-4b4f-99d4-bc300f06dbaf",
    "data": [
      {
        "text": "super",
        "userDefined": false
      }
    ],
    "isTemplate": false,
    "count": 0,
    "updated": 0
  },
  {
    "id": "75ac5a6d-e945-4aad-8e8e-4a5d370ad5fd",
    "data": [
      {
        "text": "fantástico",
        "userDefined": false
      }
    ],
    "isTemplate": false,
    "count": 0,
    "updated": 0
  },
  {
    "id": "b520383b-2b18-441e-b65f-5acb5a7e7ef7",
    "data": [
      {
        "text": "maravilloso",
        "userDefined": false
      }
    ],
    "isTemplate": false,
    "count": 0,
    "updated": 0
  },
  {
    "id": "a1e9a44f-af3c-4065-9676-458b7c01fbd2",
    "data": [
      {
        "text": "genial",
        "userDefined": false
      }
    ],
    "isTemplate": false,
    "count": 0,
    "updated": 0
  },
  {
    "id": "b81fb71c-53a4-4b44-9400-654080323170",
    "data": [
      {
        "text": "bien",
        "meta": "@sys.ignore",
        "userDefined": true
      }
    ],
    "isTemplate": false,
    "count": 0,
    "updated": 0
  },
  {
    "id": "722518fd-e156-413a-b74d-aa57668af04e",
    "data": [
      {
        "text": "muy bien",
        "meta": "@sys.ignore",
        "userDefined": true
      }
    ],
    "isTemplate": false,
    "count": 0,
    "updated": 0
  },
  {
    "id": "e37bc6b6-678d-4ad7-9145-92dee3ff29a5",
    "data": [
      {
        "text": "me parece bien",
        "userDefined": false
      }
    ],
    "isTemplate": false,
    "count": 2,
    "updated": 0
  },
  {
    "id": "19d5d693-c53c-4db5-8855-f025441dcb46",
    "data": [
      {
        "text": "está bien",
        "userDefined": false
      }
    ],
    "isTemplate": false,
    "count": 1,
    "updated": 0
  },
  {
    "id": "ee75eeed-fbad-4222-9aab-fd0d6f08ef54",
    "data": [
      {
        "text": "no está",
        "meta": "@sys.ignore",
        "userDefined": true
      },
      {
        "text": " nada mal",
        "userDefined": false
      }
    ],
    "isTemplate": false,
    "count": 0,
    "updated": 0
  },
  {
    "id": "15f68396-8095-4dd4-99b5-66373cf779ae",
    "data": [
      {
        "text": "buenísimo",
        "meta": "@sys.ignore",
        "userDefined": true
      }
    ],
    "isTemplate": false,
    "count": 1,
    "updated": 0
  },
  {
    "id": "21998add-782d-46a4-b7ee-9b5989e1ecba",
    "data": [
      {
        "text": "nada mal",
        "userDefined": false
      }
    ],
    "isTemplate": false,
    "count": 0,
    "updated": 0
  },
  {
    "id": "ff5cdfd3-5816-4b78-9e85-e0d616bd20de",
    "data": [
      {
        "text": "no está mal",
        "userDefined": false
      }
    ],
    "isTemplate": false,
    "count": 0,
    "updated": 0
  },
  {
    "id": "ee31b4ee-b539-4989-9fd7-e39efbe4f140",
    "data": [
      {
        "text": "bueno",
        "userDefined": false
      }
    ],
    "isTemplate": false,
    "count": 0,
    "updated": 0
  },
  {
    "id": "570216d4-72aa-4e46-a9d2-cf4ec189820a",
    "data": [
      {
        "text": "bastante bien",
        "userDefined": false
      }
    ],
    "isTemplate": false,
    "count": 0,
    "updated": 0
  }
]