[
  {
    "id": "63acee79-3bff-4b2f-b8b9-5b60645f2f07",
    "data": [
      {
        "text": "estoy tan entusiasmado",
        "userDefined": false
      }
    ],
    "isTemplate": false,
    "count": 0,
    "updated": 0
  },
  {
    "id": "08a34c3e-093b-4757-ad09-587a1473e1af",
    "data": [
      {
        "text": "estoy nervioso",
        "userDefined": false
      }
    ],
    "isTemplate": false,
    "count": 0,
    "updated": 0
  },
  {
    "id": "b57308a5-0b2f-4e36-ad12-ffa46872de55",
    "data": [
      {
        "text": "qué nervios",
        "userDefined": false
      }
    ],
    "isTemplate": false,
    "count": 0,
    "updated": 0
  },
  {
    "id": "cec8145f-4dbe-402b-8f7b-611eddea133f",
    "data": [
      {
        "text": "estoy animada",
        "userDefined": false
      }
    ],
    "isTemplate": false,
    "count": 0,
    "updated": 0
  },
  {
    "id": "6e90e287-961d-4e48-90a8-65c5d3ac80fc",
    "data": [
      {
        "text": "me hace mucha ilusión",
        "userDefined": false
      }
    ],
    "isTemplate": false,
    "count": 0,
    "updated": 0
  },
  {
    "id": "e1b9f447-9979-4acc-a0cd-f95284b08fef",
    "data": [
      {
        "text": "estoy emocionado",
        "userDefined": false
      }
    ],
    "isTemplate": false,
    "count": 0,
    "updated": 0
  },
  {
    "id": "66693d97-00ab-4d10-a0ba-b1799bf0a48c",
    "data": [
      {
        "text": "estoy muy emocionada",
        "userDefined": false
      }
    ],
    "isTemplate": false,
    "count": 0,
    "updated": 0
  },
  {
    "id": "ad9da650-c342-4a34-aa53-73cc443635a5",
    "data": [
      {
        "text": "estoy entusiasmada",
        "userDefined": false
      }
    ],
    "isTemplate": false,
    "count": 0,
    "updated": 0
  },
  {
    "id": "accd4932-4645-499f-a439-dee1d9bcf93d",
    "data": [
      {
        "text": "estoy ilusionada",
        "userDefined": false
      }
    ],
    "isTemplate": false,
    "count": 0,
    "updated": 0
  },
  {
    "id": "8ddfaaa1-07ac-4757-a5f3-4a0009326f8c",
    "data": [
      {
        "text": "estoy excitado",
        "userDefined": false
      }
    ],
    "isTemplate": false,
    "count": 0,
    "updated": 0
  }
]