[
  {
    "id": "a379da70-2760-4c54-84af-1f847765c48f",
    "data": [
      {
        "text": "qué tal estoy",
        "userDefined": false
      }
    ],
    "isTemplate": false,
    "count": 0,
    "updated": 0
  },
  {
    "id": "7fae9db0-a0a1-4185-bdfd-a30efbc71731",
    "data": [
      {
        "text": "cómo estoy",
        "userDefined": false
      }
    ],
    "isTemplate": false,
    "count": 0,
    "updated": 0
  },
  {
    "id": "16f84ec6-f3c9-4641-b469-8d4305e64505",
    "data": [
      {
        "text": "me veo bien",
        "userDefined": false
      }
    ],
    "isTemplate": false,
    "count": 0,
    "updated": 0
  },
  {
    "id": "60dbcb24-0fb6-493e-bf40-b1ccbda73ea6",
    "data": [
      {
        "text": "qué te parezco",
        "userDefined": false
      }
    ],
    "isTemplate": false,
    "count": 0,
    "updated": 0
  },
  {
    "id": "d09591e1-4d65-4778-9e65-ed41e575b98d",
    "data": [
      {
        "text": "cómo te parezco",
        "userDefined": false
      }
    ],
    "isTemplate": false,
    "count": 0,
    "updated": 0
  },
  {
    "id": "0e076459-32d6-4c83-93b6-146e46b1070b",
    "data": [
      {
        "text": "dime qué te parezco",
        "userDefined": false
      }
    ],
    "isTemplate": false,
    "count": 0,
    "updated": 0
  }
]