[
  {
    "id": "33884ad6-93d3-4f9a-907e-926b5e88969d",
    "data": [
      {
        "text": "es ",
        "userDefined": false
      },
      {
        "text": "mi",
        "meta": "@sys.ignore",
        "userDefined": false
      },
      {
        "text": " cumpleaños",
        "userDefined": false
      }
    ],
    "isTemplate": false,
    "count": 0,
    "updated": 0
  },
  {
    "id": "3ee5e771-43aa-4b4d-9e26-605678f0c7d9",
    "data": [
      {
        "text": "hoy",
        "meta": "@sys.ignore",
        "userDefined": false
      },
      {
        "text": " cumplo otro ",
        "userDefined": false
      },
      {
        "text": "año",
        "meta": "@sys.ignore",
        "userDefined": false
      },
      {
        "text": " más ",
        "userDefined": false
      },
      {
        "text": "de",
        "meta": "@sys.ignore",
        "userDefined": false
      },
      {
        "text": " ",
        "userDefined": false
      },
      {
        "text": "vida",
        "meta": "@sys.ignore",
        "userDefined": false
      }
    ],
    "isTemplate": false,
    "count": 0,
    "updated": 0
  },
  {
    "id": "78bd0198-665d-4bf9-9a29-ddb5b632c809",
    "data": [
      {
        "text": "hoy es mi cumpleaños",
        "userDefined": false
      }
    ],
    "isTemplate": false,
    "count": 0,
    "updated": 0
  },
  {
    "id": "964d717d-9bf7-4839-94bc-ab7041b89d83",
    "data": [
      {
        "text": "hoy cumplo años",
        "userDefined": false
      }
    ],
    "isTemplate": false,
    "count": 0,
    "updated": 0
  },
  {
    "id": "e1193f08-0843-478c-9cbd-bc0e10ee48e5",
    "data": [
      {
        "text": "tengo cumpleaños hoy",
        "userDefined": false
      }
    ],
    "isTemplate": false,
    "count": 0,
    "updated": 0
  },
  {
    "id": "a9faa2ac-f8ee-4c6d-be86-5bf04038e013",
    "data": [
      {
        "text": "sabes que hoy es mi cumple",
        "userDefined": false
      }
    ],
    "isTemplate": false,
    "count": 0,
    "updated": 0
  },
  {
    "id": "a2745950-8641-45dc-9939-659dd5b25f40",
    "data": [
      {
        "text": "estoy de cumple",
        "userDefined": false
      }
    ],
    "isTemplate": false,
    "count": 0,
    "updated": 0
  },
  {
    "id": "3bc86307-0318-4f6a-98fb-efe32d7bb57d",
    "data": [
      {
        "text": "estoy celebrando mi cumpleaños hoy",
        "userDefined": false
      }
    ],
    "isTemplate": false,
    "count": 0,
    "updated": 0
  }
]