[
  {
    "id": "d40fc147-fabd-453b-8359-b5fc2c0c4178",
    "data": [
      {
        "text": "encantado de conocerte",
        "userDefined": false
      }
    ],
    "isTemplate": false,
    "count": 0,
    "updated": 0
  },
  {
    "id": "8974ef06-d79f-4319-84a4-6afb38e8bf88",
    "data": [
      {
        "text": "encantado",
        "userDefined": false
      }
    ],
    "isTemplate": false,
    "count": 0,
    "updated": 0
  },
  {
    "id": "91879193-de51-4ca0-95ff-ba1ec86525bf",
    "data": [
      {
        "text": "es un placer",
        "userDefined": false
      }
    ],
    "isTemplate": false,
    "count": 0,
    "updated": 0
  },
  {
    "id": "93fd5421-1574-4e86-b978-b982b1af25fa",
    "data": [
      {
        "text": "qué gusto conocerte",
        "userDefined": false
      }
    ],
    "isTemplate": false,
    "count": 0,
    "updated": 0
  },
  {
    "id": "d0482f5f-d130-4830-a95b-8b28f2253b26",
    "data": [
      {
        "text": "muy encantada de conocerte",
        "userDefined": false
      }
    ],
    "isTemplate": false,
    "count": 0,
    "updated": 0
  }
]