[
  {
    "id": "db9870a6-3494-4ada-9b84-484e86c577fc",
    "data": [
      {
        "text": "terminemos esta conversación ya",
        "userDefined": false
      }
    ],
    "isTemplate": false,
    "count": 0,
    "updated": 0
  },
  {
    "id": "743b4ab7-9a7c-4fa4-8394-07e5ffa2c39c",
    "data": [
      {
        "text": "vamos a terminar esta conversación",
        "userDefined": false
      }
    ],
    "isTemplate": false,
    "count": 0,
    "updated": 0
  },
  {
    "id": "b6eba671-fd55-440d-89c8-67cfec848def",
    "data": [
      {
        "text": "no quiero hablar más",
        "userDefined": false
      }
    ],
    "isTemplate": false,
    "count": 0,
    "updated": 0
  },
  {
    "id": "6a691e62-86c4-4b7e-a70b-9610e3fa85c1",
    "data": [
      {
        "text": "no quiero hablar",
        "userDefined": false
      }
    ],
    "isTemplate": false,
    "count": 0,
    "updated": 0
  },
  {
    "id": "9d73b631-0591-4be6-ac3b-c8cceba6e8fc",
    "data": [
      {
        "text": "no me apetece hablar",
        "userDefined": false
      }
    ],
    "isTemplate": false,
    "count": 0,
    "updated": 0
  },
  {
    "id": "5be1c401-ce91-43a4-a454-8106e6560b3d",
    "data": [
      {
        "text": "no tengo gamas de hablar contigo",
        "userDefined": false
      }
    ],
    "isTemplate": false,
    "count": 0,
    "updated": 0
  },
  {
    "id": "7ffcf89e-b9f5-4e96-bf29-54de18820493",
    "data": [
      {
        "text": "perdí las ganas de hablar",
        "userDefined": false
      }
    ],
    "isTemplate": false,
    "count": 0,
    "updated": 0
  },
  {
    "id": "dc8f77b4-da33-4714-a430-5ec263a8ba0d",
    "data": [
      {
        "text": "no estoy de humor para hablar",
        "userDefined": false
      }
    ],
    "isTemplate": false,
    "count": 0,
    "updated": 0
  },
  {
    "id": "bd38a697-2bf0-4ff6-a835-601f47edd083",
    "data": [
      {
        "text": "no estoy para charlar",
        "userDefined": false
      }
    ],
    "isTemplate": false,
    "count": 0,
    "updated": 0
  }
]