[
  {
    "id": "46fe1dfb-360e-4e50-b387-2792b2fd8c9d",
    "data": [
      {
        "text": "voy a ir a ",
        "userDefined": false
      },
      {
        "text": "la",
        "meta": "@sys.ignore",
        "userDefined": false
      },
      {
        "text": " cama",
        "userDefined": false
      }
    ],
    "isTemplate": false,
    "count": 0,
    "updated": 0
  },
  {
    "id": "f7c797d5-83f8-4b7a-85c1-6c81ecd04205",
    "data": [
      {
        "text": "voy a prepararme para ir a ",
        "userDefined": false
      },
      {
        "text": "la",
        "meta": "@sys.ignore",
        "userDefined": false
      },
      {
        "text": " cama",
        "userDefined": false
      }
    ],
    "isTemplate": false,
    "count": 0,
    "updated": 0
  },
  {
    "id": "647da2b5-1baa-4353-9c1f-2989284858e0",
    "data": [
      {
        "text": "voy a dormir",
        "userDefined": false
      }
    ],
    "isTemplate": false,
    "count": 0,
    "updated": 0
  },
  {
    "id": "79498983-f950-4377-8f2b-849185cf82ac",
    "data": [
      {
        "text": "me voy a la cama",
        "userDefined": false
      }
    ],
    "isTemplate": false,
    "count": 0,
    "updated": 0
  },
  {
    "id": "a6714675-88fb-4950-9767-aae97c7d4529",
    "data": [
      {
        "text": "me voy a la cama ya",
        "userDefined": false
      }
    ],
    "isTemplate": false,
    "count": 0,
    "updated": 0
  },
  {
    "id": "e7469368-d5ca-4acf-860e-4edadf6932e6",
    "data": [
      {
        "text": "voy a acostarme",
        "userDefined": false
      }
    ],
    "isTemplate": false,
    "count": 0,
    "updated": 0
  },
  {
    "id": "c15f6e56-c354-4ac9-aa68-e4f834306ce6",
    "data": [
      {
        "text": "ya es tarde me voy a acostar",
        "userDefined": false
      }
    ],
    "isTemplate": false,
    "count": 0,
    "updated": 0
  },
  {
    "id": "2cdfcf45-744e-433f-8003-95d24cd0438f",
    "data": [
      {
        "text": "es la hora de dormir",
        "userDefined": false
      }
    ],
    "isTemplate": false,
    "count": 0,
    "updated": 0
  },
  {
    "id": "8c89ce7d-f58d-4f7d-9b31-961db3a10b8c",
    "data": [
      {
        "text": "tengo que acostarme",
        "userDefined": false
      }
    ],
    "isTemplate": false,
    "count": 0,
    "updated": 0
  }
]