[
  {
    "id": "5ef4996e-3758-4b3a-8f0a-94435e88804f",
    "data": [
      {
        "text": "ningún problema",
        "userDefined": false
      }
    ],
    "isTemplate": false,
    "count": 0,
    "updated": 0
  },
  {
    "id": "3b7e9e9f-5da2-41f7-9fad-8da7ca010843",
    "data": [
      {
        "text": "no hay problema",
        "userDefined": false
      }
    ],
    "isTemplate": false,
    "count": 0,
    "updated": 0
  },
  {
    "id": "b6640237-5499-4e48-8b9d-3c11fb440473",
    "data": [
      {
        "text": "no pasa nada",
        "userDefined": false
      }
    ],
    "isTemplate": false,
    "count": 0,
    "updated": 0
  },
  {
    "id": "1db1cb0a-23b2-4d26-b52c-9c36dd433fd3",
    "data": [
      {
        "text": "no te preocupes",
        "userDefined": false
      }
    ],
    "isTemplate": false,
    "count": 0,
    "updated": 0
  },
  {
    "id": "2138bde4-3b86-46bb-80fa-7a85ca9c873d",
    "data": [
      {
        "text": "tranquilo",
        "userDefined": false
      }
    ],
    "isTemplate": false,
    "count": 0,
    "updated": 0
  }
]