[
  {
    "id": "da4499d2-aa5a-466f-9850-7aab4d901d66",
    "data": [
      {
        "text": "qué alegría verte",
        "userDefined": false
      }
    ],
    "isTemplate": false,
    "count": 0,
    "updated": 0
  },
  {
    "id": "d7155f0e-6dae-451e-a878-bbb9cb10e33c",
    "data": [
      {
        "text": "cómo me alegro de verte",
        "userDefined": false
      }
    ],
    "isTemplate": false,
    "count": 0,
    "updated": 0
  },
  {
    "id": "687e36da-dd5d-4f8c-898b-a981c55e1791",
    "data": [
      {
        "text": "qué alegría volver a verte",
        "userDefined": false
      }
    ],
    "isTemplate": false,
    "count": 0,
    "updated": 0
  },
  {
    "id": "12c4604b-1a53-46bc-b217-5d7345ce6f7d",
    "data": [
      {
        "text": "good",
        "meta": "@sys.ignore",
        "userDefined": false
      },
      {
        "text": " to see you again",
        "userDefined": false
      }
    ],
    "isTemplate": false,
    "count": 0,
    "updated": 0
  },
  {
    "id": "ff83786a-4584-442c-b79b-41a572af3b8e",
    "data": [
      {
        "text": "siempre es un placer verte",
        "userDefined": false
      }
    ],
    "isTemplate": false,
    "count": 0,
    "updated": 0
  },
  {
    "id": "f1a34135-d34b-4bbf-ae42-bb81f434ca5c",
    "data": [
      {
        "text": "es un placer verte",
        "userDefined": false
      }
    ],
    "isTemplate": false,
    "count": 0,
    "updated": 0
  }
]