[
  {
    "id": "d0f4d59c-961e-4c15-90e3-95cfc20baebb",
    "data": [
      {
        "text": "es broma",
        "userDefined": false
      }
    ],
    "isTemplate": false,
    "count": 0,
    "updated": 0
  },
  {
    "id": "e6546e66-07a3-4d69-8404-20bc763512b3",
    "data": [
      {
        "text": "lo he dicho en broma",
        "userDefined": false
      }
    ],
    "isTemplate": false,
    "count": 0,
    "updated": 0
  },
  {
    "id": "2836c286-348d-4f0d-a145-24f5ce03c950",
    "data": [
      {
        "text": "era broma",
        "userDefined": false
      }
    ],
    "isTemplate": false,
    "count": 0,
    "updated": 0
  },
  {
    "id": "7b4060b7-88f2-441d-bb80-8d7d5d6fc01e",
    "data": [
      {
        "text": "no lo he dicho en serio",
        "userDefined": false
      }
    ],
    "isTemplate": false,
    "count": 0,
    "updated": 0
  },
  {
    "id": "22deb1f3-d241-43a8-93a1-ffaeacf649b0",
    "data": [
      {
        "text": "te he gastado una broma",
        "userDefined": false
      }
    ],
    "isTemplate": false,
    "count": 0,
    "updated": 0
  },
  {
    "id": "c642bbe5-2859-4c2f-87a0-9701f5e3ae1d",
    "data": [
      {
        "text": "te tomé el pelo",
        "userDefined": false
      }
    ],
    "isTemplate": false,
    "count": 0,
    "updated": 0
  },
  {
    "id": "4f178577-baea-4881-aefd-ba6fd99ada79",
    "data": [
      {
        "text": "te he pillado",
        "userDefined": false
      }
    ],
    "isTemplate": false,
    "count": 0,
    "updated": 0
  },
  {
    "id": "3319bcc5-4f61-44fa-93e3-539b961498a6",
    "data": [
      {
        "text": "no era en serio",
        "userDefined": false
      }
    ],
    "isTemplate": false,
    "count": 0,
    "updated": 0
  },
  {
    "id": "2cd19d84-96cf-47f5-91bc-b0a16d42312c",
    "data": [
      {
        "text": "lo dije en broma",
        "userDefined": false
      }
    ],
    "isTemplate": false,
    "count": 0,
    "updated": 0
  }
]