[
  {
    "id": "4158b2b3-d7cf-4784-8a9b-fc4ee30bdfb4",
    "data": [
      {
        "text": "buenos dias",
        "userDefined": false
      }
    ],
    "isTemplate": false,
    "count": 0
  },
  {
    "id": "6002c14c-2242-4674-8bdf-875e05a9e4ed",
    "data": [
      {
        "text": "hola buenos dias",
        "userDefined": false
      }
    ],
    "isTemplate": false,
    "count": 0,
    "updated": 0
  },
  {
    "id": "5a3c5c83-0b5a-4f57-a4de-0c60066a79c7",
    "data": [
      {
        "text": "muy buenos dias",
        "userDefined": false
      }
    ],
    "isTemplate": false,
    "count": 0,
    "updated": 0
  },
  {
    "id": "12d505ec-5d77-47dc-bdf4-f51359349bd2",
    "data": [
      {
        "text": "hey buenos dias",
        "userDefined": false
      }
    ],
    "isTemplate": false,
    "count": 0,
    "updated": 0
  },
  {
    "id": "40694797-d421-4a8f-90bc-52b18d3548b8",
    "data": [
      {
        "text": "que tengas un buen dia",
        "userDefined": false
      }
    ],
    "isTemplate": false,
    "count": 0,
    "updated": 0
  },
  {
    "id": "25f75040-373a-4c07-9884-53fc3bd297d5",
    "data": [
      {
        "text": "te deseo que tengas un",
        "meta": "@sys.ignore",
        "userDefined": false
      },
      {
        "text": " buen dia",
        "userDefined": false
      }
    ],
    "isTemplate": false,
    "count": 0,
    "updated": 0
  }
]