[
  {
    "id": "23aab523-5653-452a-8278-7e18307e247b",
    "data": [
      {
        "text": "lo has hecho bien",
        "userDefined": false
      }
    ],
    "isTemplate": false,
    "count": 0,
    "updated": 0
  },
  {
    "id": "4b50ebfa-1bb6-4ea3-99e3-760ea6ae1ad8",
    "data": [
      {
        "text": "bien hecho",
        "userDefined": false
      }
    ],
    "isTemplate": false,
    "count": 0,
    "updated": 0
  },
  {
    "id": "12232030-fe71-4ab9-86c1-6bb62d7cd4dc",
    "data": [
      {
        "text": "muy bien hecho",
        "userDefined": false
      }
    ],
    "isTemplate": false,
    "count": 0,
    "updated": 0
  },
  {
    "id": "4eecfe3b-e264-44a6-9b6f-c7e94bb61957",
    "data": [
      {
        "text": "buen trabajo",
        "userDefined": false
      }
    ],
    "isTemplate": false,
    "count": 0,
    "updated": 0
  },
  {
    "id": "e7dbb789-3436-4930-a355-a83a2e3ee2a4",
    "data": [
      {
        "text": "lo has hecho de maravilla",
        "userDefined": false
      }
    ],
    "isTemplate": false,
    "count": 0,
    "updated": 0
  },
  {
    "id": "3f0ea0db-4f6b-4297-b797-71bd1b43d42a",
    "data": [
      {
        "text": "bravo",
        "userDefined": false
      }
    ],
    "isTemplate": false,
    "count": 0,
    "updated": 0
  },
  {
    "id": "fab11771-f0d3-4a0b-a82c-3398adaa196e",
    "data": [
      {
        "text": "excelente trabajo",
        "userDefined": false
      }
    ],
    "isTemplate": false,
    "count": 0,
    "updated": 0
  },
  {
    "id": "a8f243e7-645c-4066-96cd-5eb0d4a9e7e0",
    "data": [
      {
        "text": "lo has hecho muy bien",
        "userDefined": false
      }
    ],
    "isTemplate": false,
    "count": 0,
    "updated": 0
  }
]