[
  {
    "id": "46889763-beea-4c28-969e-51528c5cb9de",
    "data": [
      {
        "text": "qué risa",
        "userDefined": false
      }
    ],
    "isTemplate": false,
    "count": 0,
    "updated": 0
  },
  {
    "id": "8016b53d-06f3-4ace-b1df-dc7d49b7c5f8",
    "data": [
      {
        "text": "ajajaj",
        "userDefined": false
      }
    ],
    "isTemplate": false,
    "count": 0,
    "updated": 0
  },
  {
    "id": "ac999ac7-49a6-41c3-b5e4-3f855a40344d",
    "data": [
      {
        "text": "je je je",
        "userDefined": false
      }
    ],
    "isTemplate": false,
    "count": 0,
    "updated": 0
  },
  {
    "id": "7ca52ef5-6649-4080-968a-2b6b28e9fd97",
    "data": [
      {
        "text": "ja ja ja",
        "userDefined": false
      }
    ],
    "isTemplate": false,
    "count": 0,
    "updated": 0
  },
  {
    "id": "339fffe1-aec7-4da9-bb6d-5caba408f825",
    "data": [
      {
        "text": "que gracioso",
        "userDefined": false
      }
    ],
    "isTemplate": false,
    "count": 0,
    "updated": 0
  },
  {
    "id": "e63a96d6-e4b6-42a8-b4b3-51fb5d9a3934",
    "data": [
      {
        "text": "me",
        "meta": "@sys.ignore",
        "userDefined": false
      },
      {
        "text": " río",
        "userDefined": false
      }
    ],
    "isTemplate": false,
    "count": 0,
    "updated": 0
  },
  {
    "id": "d708cb72-7974-460f-805a-42df8b08d345",
    "data": [
      {
        "text": "me",
        "meta": "@sys.ignore",
        "userDefined": false
      },
      {
        "text": " parto",
        "userDefined": false
      }
    ],
    "isTemplate": false,
    "count": 0,
    "updated": 0
  },
  {
    "id": "0dc823df-d5d6-4d93-967a-c270cd6119f1",
    "data": [
      {
        "text": "ja ja",
        "userDefined": false
      }
    ],
    "isTemplate": false,
    "count": 0,
    "updated": 0
  },
  {
    "id": "1ef8a675-49d7-411a-aa65-303a7387b6e7",
    "data": [
      {
        "text": "lol",
        "userDefined": false
      }
    ],
    "isTemplate": false,
    "count": 0,
    "updated": 0
  },
  {
    "id": "c6185a7c-affb-4fdf-9410-2d092215088b",
    "data": [
      {
        "text": "xd",
        "userDefined": false
      }
    ],
    "isTemplate": false,
    "count": 0,
    "updated": 0
  },
  {
    "id": "22462ad3-4b17-4428-be97-d0aba43de2db",
    "data": [
      {
        "text": "ha ha",
        "userDefined": false
      }
    ],
    "isTemplate": false,
    "count": 0,
    "updated": 0
  }
]