[
  {
    "id": "49e00f00-8f88-4404-b58c-69e0e48c1290",
    "data": [
      {
        "text": "no tengo tiempo para ",
        "userDefined": false
      },
      {
        "text": "nada",
        "meta": "@sys.ignore",
        "userDefined": false
      }
    ],
    "isTemplate": false,
    "count": 0,
    "updated": 0
  },
  {
    "id": "6ce793d9-1071-4fb1-9ec1-8c39475f21db",
    "data": [
      {
        "text": "disculpa estoy muy ocupada",
        "userDefined": false
      }
    ],
    "isTemplate": false,
    "count": 0,
    "updated": 0
  },
  {
    "id": "718be1df-82f6-4654-9f9e-2cee46dfec53",
    "data": [
      {
        "text": "estoy ocupado",
        "userDefined": false
      }
    ],
    "isTemplate": false,
    "count": 0,
    "updated": 0
  },
  {
    "id": "ffbfc4f7-a0fc-4a1c-b483-420f0bb323fb",
    "data": [
      {
        "text": "tengo un montón de cosas que hacer",
        "userDefined": false
      }
    ],
    "isTemplate": false,
    "count": 0,
    "updated": 0
  },
  {
    "id": "122c2c14-b5de-4d9e-bf9d-0363843feaf4",
    "data": [
      {
        "text": "estoy muy liado",
        "userDefined": false
      }
    ],
    "isTemplate": false,
    "count": 0,
    "updated": 0
  },
  {
    "id": "e7b321d0-216a-4f93-bf51-eb27aff7b7f6",
    "data": [
      {
        "text": "tengo mucho lio",
        "userDefined": false
      }
    ],
    "isTemplate": false,
    "count": 0,
    "updated": 0
  },
  {
    "id": "b580e1d8-485b-4b58-b90b-10358141b366",
    "data": [
      {
        "text": "tengo mucho trabajo",
        "userDefined": false
      }
    ],
    "isTemplate": false,
    "count": 0,
    "updated": 0
  },
  {
    "id": "d6788334-ce51-41a0-80b6-222c85521c57",
    "data": [
      {
        "text": "tengo muchas cosas que hacer",
        "userDefined": false
      }
    ],
    "isTemplate": false,
    "count": 0,
    "updated": 0
  },
  {
    "id": "69cd8c45-0447-4dfc-a2a2-b0e60dc02fd2",
    "data": [
      {
        "text": "no tengo tiempo",
        "userDefined": false
      }
    ],
    "isTemplate": false,
    "count": 0,
    "updated": 0
  }
]