[
  {
    "id": "e9820d1a-d394-4d41-b868-c7a175d2e133",
    "data": [
      {
        "text": "mal",
        "userDefined": false
      }
    ],
    "isTemplate": false,
    "count": 0,
    "updated": 0
  },
  {
    "id": "1a75df9a-1154-4a29-91eb-682ed718ce86",
    "data": [
      {
        "text": "muy mal",
        "userDefined": false
      }
    ],
    "isTemplate": false,
    "count": 0,
    "updated": 0
  },
  {
    "id": "632f0dbd-fae6-4aef-ac2c-2b182b3427b5",
    "data": [
      {
        "text": "no está bien",
        "userDefined": false
      }
    ],
    "isTemplate": false,
    "count": 1,
    "updated": 0
  },
  {
    "id": "9d508a4d-0f05-4381-9825-2ad808995318",
    "data": [
      {
        "text": "está mal",
        "userDefined": false
      }
    ],
    "isTemplate": false,
    "count": 0,
    "updated": 0
  },
  {
    "id": "af90177b-51be-4a5a-996e-7eef0b78ced2",
    "data": [
      {
        "text": "no",
        "meta": "@sys.ignore",
        "userDefined": false
      },
      {
        "text": " está nada bien",
        "userDefined": false
      }
    ],
    "isTemplate": false,
    "count": 0,
    "updated": 0
  },
  {
    "id": "8f21118c-0d98-4e2d-a747-6433c9ac3151",
    "data": [
      {
        "text": "no podría ser peor",
        "userDefined": false
      }
    ],
    "isTemplate": false,
    "count": 0,
    "updated": 0
  },
  {
    "id": "dcd0e6c0-543b-4268-affa-c0b58528b8fd",
    "data": [
      {
        "text": "peor que nunca",
        "userDefined": false
      }
    ],
    "isTemplate": false,
    "count": 0,
    "updated": 0
  },
  {
    "id": "509b7fb5-0048-409d-a5e2-31a0d0b1bd36",
    "data": [
      {
        "text": "está muy mal",
        "userDefined": false
      }
    ],
    "isTemplate": false,
    "count": 0,
    "updated": 0
  },
  {
    "id": "d7f99a98-c742-4634-b5d5-b5716f946d31",
    "data": [
      {
        "text": "terrible",
        "userDefined": false
      }
    ],
    "isTemplate": false,
    "count": 0,
    "updated": 0
  },
  {
    "id": "6c96521c-e2bf-4486-a171-61efc857a00c",
    "data": [
      {
        "text": "horrible",
        "userDefined": false
      }
    ],
    "isTemplate": false,
    "count": 0,
    "updated": 0
  },
  {
    "id": "0d587000-8b49-4c8e-8e04-cf74b573d582",
    "data": [
      {
        "text": "es un desastre",
        "userDefined": false
      }
    ],
    "isTemplate": false,
    "count": 0,
    "updated": 0
  },
  {
    "id": "c6b554d0-fe67-4649-b9eb-e29567bbd56d",
    "data": [
      {
        "text": "peor no puede ser",
        "userDefined": false
      }
    ],
    "isTemplate": false,
    "count": 0,
    "updated": 0
  }
]