[
  {
    "id": "75270983-7b96-4dde-992d-120e40c5873c",
    "data": [
      {
        "text": "ya estoy aquí",
        "userDefined": false
      }
    ],
    "isTemplate": false,
    "count": 0,
    "updated": 0
  },
  {
    "id": "e7e28346-803a-4d8a-81cf-ff5e2ec33309",
    "data": [
      {
        "text": "estoy aquí no ",
        "userDefined": false
      },
      {
        "text": "me",
        "meta": "@sys.ignore",
        "userDefined": false
      },
      {
        "text": " ves",
        "userDefined": false
      }
    ],
    "isTemplate": false,
    "count": 0,
    "updated": 0
  },
  {
    "id": "d065045f-cccf-4b00-b924-b21d3d99eebb",
    "data": [
      {
        "text": "estoy aquí",
        "userDefined": false
      }
    ],
    "isTemplate": false,
    "count": 0,
    "updated": 0
  },
  {
    "id": "f794678c-63cc-451e-86d6-69a1fa322c4b",
    "data": [
      {
        "text": "aquí estoy",
        "userDefined": false
      }
    ],
    "isTemplate": false,
    "count": 0,
    "updated": 0
  },
  {
    "id": "287f4701-2cf7-46c2-9210-e99d1e0abeab",
    "data": [
      {
        "text": "sigo aquí",
        "userDefined": false
      }
    ],
    "isTemplate": false,
    "count": 0,
    "updated": 0
  },
  {
    "id": "b4cac3cd-a010-486d-9a6a-85dbd2595f10",
    "data": [
      {
        "text": "por aquí ando",
        "userDefined": false
      }
    ],
    "isTemplate": false,
    "count": 0,
    "updated": 0
  },
  {
    "id": "861b24a0-7335-44e4-a481-531b52984f68",
    "data": [
      {
        "text": "todavía estoy aquí",
        "userDefined": false
      }
    ],
    "isTemplate": false,
    "count": 0,
    "updated": 0
  }
]