[
  {
    "id": "2122313f-0ed4-4d2c-b18a-6669ea1e3c0f",
    "data": [
      {
        "text": "espero",
        "userDefined": false
      }
    ],
    "isTemplate": false,
    "count": 0,
    "updated": 0
  },
  {
    "id": "145ff2ef-8cba-46c3-905a-c1ab04f536b0",
    "data": [
      {
        "text": "te voy a esperar",
        "userDefined": false
      }
    ],
    "isTemplate": false,
    "count": 0,
    "updated": 0
  },
  {
    "id": "b9e73355-7aa3-4649-a631-83b5f7572efb",
    "data": [
      {
        "text": "estoy esperando",
        "userDefined": false
      }
    ],
    "isTemplate": false,
    "count": 0,
    "updated": 0
  },
  {
    "id": "7b51f2ae-b2e1-468b-a713-652c78c4ad45",
    "data": [
      {
        "text": "todavía estoy esperando",
        "userDefined": false
      }
    ],
    "isTemplate": false,
    "count": 0,
    "updated": 0
  },
  {
    "id": "a10c4eae-94de-4e8e-bb09-9f9cde3c784d",
    "data": [
      {
        "text": "te espero con impaciencia",
        "userDefined": false
      }
    ],
    "isTemplate": false,
    "count": 0,
    "updated": 0
  },
  {
    "id": "a5e12033-7c3f-4836-bfa0-7875540d7ca9",
    "data": [
      {
        "text": "aquí te espero",
        "userDefined": false
      }
    ],
    "isTemplate": false,
    "count": 0,
    "updated": 0
  },
  {
    "id": "4cceac37-0903-4b8d-90a5-0f1502d0b21e",
    "data": [
      {
        "text": "bueno te espero",
        "userDefined": false
      }
    ],
    "isTemplate": false,
    "count": 0,
    "updated": 0
  }
]