[
  {
    "id": "b21003b1-dcbf-40e3-994f-e21bc45569b4",
    "data": [
      {
        "text": "Hola",
        "userDefined": false
      }
    ],
    "isTemplate": false,
    "count": 1,
    "updated": 1506615181
  },
  {
    "id": "7bb2306a-7c56-4ef4-88c4-09fa8aabf948",
    "data": [
      {
        "text": "Que tal",
        "userDefined": false
      }
    ],
    "isTemplate": false,
    "count": 0,
    "updated": 1502198885
  },
  {
    "id": "8e81739c-1b94-4e14-b437-599db8a1e4ba",
    "data": [
      {
        "text": "hola",
        "userDefined": false
      }
    ],
    "isTemplate": false,
    "count": 0,
    "updated": 0
  },
  {
    "id": "b230404e-4507-4752-beda-33fb62bb23df",
    "data": [
      {
        "text": "hey",
        "userDefined": false
      }
    ],
    "isTemplate": false,
    "count": 0,
    "updated": 0
  },
  {
    "id": "b892f64b-925c-4e97-8ed6-931ade61fab0",
    "data": [
      {
        "text": "saludos",
        "userDefined": false
      }
    ],
    "isTemplate": false,
    "count": 0,
    "updated": 0
  }
]