[
  {
    "id": "518687de-d23b-4be8-a370-8c3fc8e0880c",
    "data": [
      {
        "text": "me",
        "meta": "@sys.ignore",
        "userDefined": false
      },
      {
        "text": " siento cansado",
        "userDefined": false
      }
    ],
    "isTemplate": false,
    "count": 0,
    "updated": 0
  },
  {
    "id": "e2686e4a-de11-4a28-8128-3ac1cfe94d41",
    "data": [
      {
        "text": "estoy hecho polvo",
        "userDefined": false
      }
    ],
    "isTemplate": false,
    "count": 0,
    "updated": 0
  },
  {
    "id": "c39f7905-c31a-42ff-b1f3-cc09c662ce3d",
    "data": [
      {
        "text": "no tengo fuerzas",
        "userDefined": false
      }
    ],
    "isTemplate": false,
    "count": 0,
    "updated": 0
  },
  {
    "id": "c22e3e1d-a491-47d0-b544-0ec109dfdf7c",
    "data": [
      {
        "text": "estoy muy cansada",
        "userDefined": false
      }
    ],
    "isTemplate": false,
    "count": 0,
    "updated": 0
  },
  {
    "id": "42295394-05e5-4dbc-9899-67d986094fc7",
    "data": [
      {
        "text": "estoy cansadísimo",
        "userDefined": false
      }
    ],
    "isTemplate": false,
    "count": 0,
    "updated": 0
  },
  {
    "id": "d13dd4c1-a352-410c-ac87-b519743ccc9f",
    "data": [
      {
        "text": "estoy agotado",
        "userDefined": false
      }
    ],
    "isTemplate": false,
    "count": 0,
    "updated": 0
  },
  {
    "id": "e0eb7a01-373f-477d-9f1c-598e55fbef1a",
    "data": [
      {
        "text": "estoy exhausto",
        "userDefined": false
      }
    ],
    "isTemplate": false,
    "count": 0,
    "updated": 0
  }
]