[
  {
    "id": "016f2218-53a3-4747-8f90-4cb4c77cd2ef",
    "data": [
      {
        "text": "Hola buenas noches",
        "userDefined": false
      }
    ],
    "isTemplate": false,
    "count": 0,
    "updated": 1505768696
  },
  {
    "id": "658b47e2-09f4-4f0d-a11e-498e62fbc4c1",
    "data": [
      {
        "text": "que tengas ",
        "userDefined": false
      },
      {
        "text": "una",
        "meta": "@sys.ignore",
        "userDefined": false
      },
      {
        "text": " ",
        "userDefined": false
      },
      {
        "text": "buena",
        "meta": "@sys.ignore",
        "userDefined": false
      },
      {
        "text": " ",
        "userDefined": false
      },
      {
        "text": "noche",
        "meta": "@sys.ignore",
        "userDefined": false
      }
    ],
    "isTemplate": false,
    "count": 0,
    "updated": 0
  },
  {
    "id": "54bbe9e0-0c90-44e5-a7e5-0060328c1e99",
    "data": [
      {
        "text": "buenas noches",
        "userDefined": false
      }
    ],
    "isTemplate": false,
    "count": 0,
    "updated": 0
  },
  {
    "id": "fa215610-90fc-48c5-af9d-a3b77126ec72",
    "data": [
      {
        "text": "hola buenas noches",
        "userDefined": false
      }
    ],
    "isTemplate": false,
    "count": 0,
    "updated": 0
  },
  {
    "id": "d9fa5f5f-a86b-4dd2-a19c-641c5f826775",
    "data": [
      {
        "text": "hey buenas noches",
        "userDefined": false
      }
    ],
    "isTemplate": false,
    "count": 0,
    "updated": 0
  }
]