[
  {
    "id": "eddaabce-a2a9-4157-aec9-4368d4061c95",
    "data": [
      {
        "text": "gracias",
        "meta": "@sys.ignore",
        "userDefined": true
      }
    ],
    "isTemplate": false,
    "count": 0,
    "updated": 0
  },
  {
    "id": "dca993b0-44c5-44eb-9a11-63a33ed1386a",
    "data": [
      {
        "text": "muchas",
        "meta": "@sys.ignore",
        "userDefined": true
      },
      {
        "text": " gracias",
        "userDefined": false
      }
    ],
    "isTemplate": false,
    "count": 0,
    "updated": 0
  },
  {
    "id": "24966001-9490-4bb3-b25c-6530f0374ad4",
    "data": [
      {
        "text": "muchísimas gracias",
        "userDefined": false
      }
    ],
    "isTemplate": false,
    "count": 0,
    "updated": 0
  },
  {
    "id": "f456412e-6d08-4b36-9fe8-adb23617144e",
    "data": [
      {
        "text": "te doy las gracias",
        "userDefined": false
      }
    ],
    "isTemplate": false,
    "count": 0,
    "updated": 0
  },
  {
    "id": "66b14efb-9261-484d-a1bc-1b8e48cc08a8",
    "data": [
      {
        "text": "un montón de gracias",
        "userDefined": false
      }
    ],
    "isTemplate": false,
    "count": 0,
    "updated": 0
  },
  {
    "id": "161bbe5a-f6f5-4088-9e13-558ddf3fe287",
    "data": [
      {
        "text": "te lo agradezco",
        "userDefined": false
      }
    ],
    "isTemplate": false,
    "count": 0,
    "updated": 0
  },
  {
    "id": "6d17e3b4-fbd5-419b-b286-ffd2e470bd4b",
    "data": [
      {
        "text": "te lo agradezco mucho",
        "userDefined": false
      }
    ],
    "isTemplate": false,
    "count": 0,
    "updated": 0
  },
  {
    "id": "91259f3a-1496-4978-b288-b7e22998fcb7",
    "data": [
      {
        "text": "miles de gracias",
        "userDefined": false
      }
    ],
    "isTemplate": false,
    "count": 0,
    "updated": 0
  },
  {
    "id": "ad9c80e4-2e87-4f30-a8d4-9acfe11e91eb",
    "data": [
      {
        "text": "gracias de todo corazón",
        "userDefined": false
      }
    ],
    "isTemplate": false,
    "count": 0,
    "updated": 0
  },
  {
    "id": "f51865da-7908-45a3-95a7-95bbefcc8001",
    "data": [
      {
        "text": "no sabes cuánto te agradezco",
        "userDefined": false
      }
    ],
    "isTemplate": false,
    "count": 0,
    "updated": 0
  },
  {
    "id": "b8266744-5764-4154-9730-f43b50953a8b",
    "data": [
      {
        "text": "genial muchas gracias",
        "userDefined": false
      }
    ],
    "isTemplate": false,
    "count": 0,
    "updated": 0
  },
  {
    "id": "1bf070f8-331b-4136-b2cd-74d894f48ed1",
    "data": [
      {
        "text": "muy bien gracias",
        "userDefined": false
      }
    ],
    "isTemplate": false,
    "count": 0,
    "updated": 0
  },
  {
    "id": "78fe9fe9-4d6a-4ea5-801d-30d1d16e1079",
    "data": [
      {
        "text": "mil",
        "meta": "@sys.ignore",
        "userDefined": false
      },
      {
        "text": " ",
        "userDefined": false
      },
      {
        "text": "de",
        "meta": "@sys.ignore",
        "userDefined": false
      },
      {
        "text": " gracias",
        "userDefined": false
      }
    ],
    "isTemplate": false,
    "count": 0,
    "updated": 0
  }
]