[
  {
    "id": "ff074aff-ea10-436b-a599-c464441d3d3f",
    "data": [
      {
        "text": "hala",
        "userDefined": false
      }
    ],
    "isTemplate": false,
    "count": 0,
    "updated": 0
  },
  {
    "id": "4f3e2df0-8498-4bbe-afea-c1a234876d2e",
    "data": [
      {
        "text": "ea",
        "userDefined": false
      }
    ],
    "isTemplate": false,
    "count": 0,
    "updated": 0
  },
  {
    "id": "3569f03a-e90f-4b23-a542-bf960f5b1011",
    "data": [
      {
        "text": "vaya tela",
        "userDefined": false
      }
    ],
    "isTemplate": false,
    "count": 0,
    "updated": 0
  },
  {
    "id": "ae5f3272-426c-4fe9-8d2d-3e55c5fc2dc7",
    "data": [
      {
        "text": "guau",
        "userDefined": false
      }
    ],
    "isTemplate": false,
    "count": 0,
    "updated": 0
  },
  {
    "id": "f98a4c45-938f-4a24-b530-884cb65204e4",
    "data": [
      {
        "text": "vaya",
        "userDefined": false
      }
    ],
    "isTemplate": false,
    "count": 0,
    "updated": 0
  },
  {
    "id": "af9340e2-45af-4682-bbe9-343703b52d98",
    "data": [
      {
        "text": "órale",
        "userDefined": false
      }
    ],
    "isTemplate": false,
    "count": 0,
    "updated": 0
  }
]