[
  {
    "id": "b04143bf-bff6-41c4-b515-059ba8364bc3",
    "data": [
      {
        "text": "en un rato hablamos",
        "userDefined": false
      }
    ],
    "isTemplate": false,
    "count": 0,
    "updated": 0
  },
  {
    "id": "6a900d86-4066-4670-9478-228c398c3aeb",
    "data": [
      {
        "text": "adiós",
        "userDefined": false
      }
    ],
    "isTemplate": false,
    "count": 0,
    "updated": 0
  },
  {
    "id": "7b6c6429-3b0d-4d66-9d8c-2b394cf5e79b",
    "data": [
      {
        "text": "hasta luego",
        "userDefined": false
      }
    ],
    "isTemplate": false,
    "count": 0,
    "updated": 0
  },
  {
    "id": "140107c5-941e-44c4-9462-64b855293d64",
    "data": [
      {
        "text": "hasta pronto",
        "userDefined": false
      }
    ],
    "isTemplate": false,
    "count": 1,
    "updated": 0
  },
  {
    "id": "6f9a9bb9-f0b7-4c42-bcad-8367db6787db",
    "data": [
      {
        "text": "nos vemos",
        "userDefined": false
      }
    ],
    "isTemplate": false,
    "count": 0,
    "updated": 0
  },
  {
    "id": "81ee0583-8930-40a0-a143-c549232bda94",
    "data": [
      {
        "text": "hasta la próxima",
        "userDefined": false
      }
    ],
    "isTemplate": false,
    "count": 0,
    "updated": 0
  },
  {
    "id": "cbac922a-ce76-4a69-83e1-de9556abc385",
    "data": [
      {
        "text": "ya hablamos",
        "userDefined": false
      }
    ],
    "isTemplate": false,
    "count": 0,
    "updated": 0
  },
  {
    "id": "a4ad74f1-2311-451e-a406-225767491213",
    "data": [
      {
        "text": "hasta la vista",
        "userDefined": false
      }
    ],
    "isTemplate": false,
    "count": 0,
    "updated": 0
  },
  {
    "id": "7d404036-720c-4275-8f8c-c031d4c7be2e",
    "data": [
      {
        "text": "chao",
        "userDefined": false
      }
    ],
    "isTemplate": false,
    "count": 1,
    "updated": 0
  },
  {
    "id": "9acf4411-5ec2-407a-8826-e5d362a8d5d4",
    "data": [
      {
        "text": "adiós amigo",
        "userDefined": false
      }
    ],
    "isTemplate": false,
    "count": 1,
    "updated": 0
  },
  {
    "id": "4bbe4cd5-824e-496d-8662-c53264ac9380",
    "data": [
      {
        "text": "hasta mañana",
        "userDefined": false
      }
    ],
    "isTemplate": false,
    "count": 0,
    "updated": 0
  },
  {
    "id": "288f1282-0e47-49ba-afdb-de4e6871e7b1",
    "data": [
      {
        "text": "hasta después",
        "userDefined": false
      }
    ],
    "isTemplate": false,
    "count": 0,
    "updated": 0
  },
  {
    "id": "4d298915-f35f-4d83-af7f-389565ec5901",
    "data": [
      {
        "text": "me despido",
        "userDefined": false
      }
    ],
    "isTemplate": false,
    "count": 0,
    "updated": 0
  },
  {
    "id": "57684a3c-7a04-4c4f-b364-e6c960fcf618",
    "data": [
      {
        "text": "me retiro",
        "userDefined": false
      }
    ],
    "isTemplate": false,
    "count": 0,
    "updated": 0
  },
  {
    "id": "a6f4791f-5230-4df3-aaf3-a53f5e90c8ea",
    "data": [
      {
        "text": "me tengo que ir",
        "userDefined": false
      }
    ],
    "isTemplate": false,
    "count": 0,
    "updated": 0
  },
  {
    "id": "0ab780b3-10ee-41af-880c-f015f12a76c0",
    "data": [
      {
        "text": "por ahora me voy",
        "userDefined": false
      }
    ],
    "isTemplate": false,
    "count": 0,
    "updated": 0
  }
]