[
  {
    "id": "ff0aceaa-5aa1-4ddc-a1aa-fca4d57a3464",
    "data": [
      {
        "text": "qué tal",
        "userDefined": false
      }
    ],
    "isTemplate": false,
    "count": 0,
    "updated": 0
  },
  {
    "id": "dde4ec63-1a83-45e7-8ea2-38f633024643",
    "data": [
      {
        "text": "cómo estás",
        "userDefined": false
      }
    ],
    "isTemplate": false,
    "count": 0,
    "updated": 0
  },
  {
    "id": "0c4c20c5-60c4-486c-a600-3877e8c5c3c3",
    "data": [
      {
        "text": "está todo bien",
        "userDefined": false
      }
    ],
    "isTemplate": false,
    "count": 0,
    "updated": 0
  },
  {
    "id": "6ce2be02-dab4-421f-99f4-a9a419465d7f",
    "data": [
      {
        "text": "cómo andas",
        "userDefined": false
      }
    ],
    "isTemplate": false,
    "count": 0,
    "updated": 0
  },
  {
    "id": "97294056-ff4d-4ca2-8af2-34d83084433e",
    "data": [
      {
        "text": "qué tal las cosas",
        "userDefined": false
      }
    ],
    "isTemplate": false,
    "count": 0,
    "updated": 0
  },
  {
    "id": "2dcc66f8-3170-4501-9c2b-25b673d2caab",
    "data": [
      {
        "text": "qué tal estás",
        "userDefined": false
      }
    ],
    "isTemplate": false,
    "count": 0,
    "updated": 0
  },
  {
    "id": "8d533657-0131-49c1-9abf-f13ca573a9d7",
    "data": [
      {
        "text": "cómo te encuentras",
        "userDefined": false
      }
    ],
    "isTemplate": false,
    "count": 0,
    "updated": 0
  },
  {
    "id": "2abd9429-ceb0-4506-85ee-3f9287b7cdc9",
    "data": [
      {
        "text": "cómo van las cosas",
        "userDefined": false
      }
    ],
    "isTemplate": false,
    "count": 0,
    "updated": 0
  },
  {
    "id": "66adadfe-f917-461e-b0b5-2ce8fd29af56",
    "data": [
      {
        "text": "qué tal todo",
        "userDefined": false
      }
    ],
    "isTemplate": false,
    "count": 0,
    "updated": 0
  },
  {
    "id": "70654703-3f8b-4959-b8b5-056c1a4784f6",
    "data": [
      {
        "text": "hola cómo estás",
        "userDefined": false
      }
    ],
    "isTemplate": false,
    "count": 0,
    "updated": 0
  },
  {
    "id": "f404a4cc-498f-4b1e-a7c1-eaaaf756a9ed",
    "data": [
      {
        "text": "hola qué tal",
        "userDefined": false
      }
    ],
    "isTemplate": false,
    "count": 0,
    "updated": 0
  },
  {
    "id": "e3908c42-5296-49f9-ab72-0d963be94b78",
    "data": [
      {
        "text": "cómo va todo",
        "userDefined": false
      }
    ],
    "isTemplate": false,
    "count": 0,
    "updated": 0
  }
]